url,path,status,sha256,product_name,source_page
https://www.apple.com/environment/pdf/Apple_Environmental_Progress_Report_2025.pdf,data\pdfs\apple\2025-report-pdf-access-now_597676e8.pdf,200,597676e8b48ac45529303abc7ef47425ca62ff4efc3a375962a077a033525f74,2025 Report (PDF) access now,https://www.apple.com/environment/reports/
https://www.apple.com/environment/pdf/products/iphone/iPhone_17_Pro_and_iPhone_17_Pro_Max_PER_Sept2025.pdf,data\pdfs\apple\view-pdf_87b38efa.pdf,200,87b38efa3d5e9edcdf572e722f2d3b79eaaf903c75ed0311e376c96a50335523,View (PDF),https://www.apple.com/environment/reports/
https://www.apple.com/environment/pdf/products/iphone/iPhone_Air_PER_Sept2025.pdf,data\pdfs\apple\view-pdf_015ed1cf.pdf,200,015ed1cf3666842743f36d584311cab5328a363cd8f1608f6665ff01c65eae8b,View (PDF),https://www.apple.com/environment/reports/
https://www.apple.com/environment/pdf/products/iphone/iPhone_17_PER_Sept2025.pdf,data\pdfs\apple\view-pdf_e6fa4bcf.pdf,200,e6fa4bcf544d45d7812929340ea2ec7c77a96f4d6f2f9ab980b4dc641f028346,View (PDF),https://www.apple.com/environment/reports/
https://www.apple.com/environment/pdf/products/iphone/iPhone_16_and_iPhone_16_Plus_PER_Sept2024.pdf,data\pdfs\apple\view-pdf_edd223ff.pdf,200,edd223ffb940e925c1aab6cfdf89719b5fb61d5e56edfaab4be725a5d6fd88e6,View (PDF),https://www.apple.com/environment/reports/
https://www.apple.com/environment/pdf/products/iphone/iPhone_16e_PER_Feb2025.pdf,data\pdfs\apple\view-pdf_6fe49240.pdf,200,6fe492405b0ba5b253fc0d4272eddd8bee33bd86f7d4c3b7f2e5b56bb96302f7,View (PDF),https://www.apple.com/environment/reports/
https://www.apple.com/environment/pdf/products/ipad/iPad_Pro_11_and_13_inch_PER_Oct2025.pdf,data\pdfs\apple\view-pdf_e1d720f9.pdf,200,e1d720f989bedaedadc95ba50d9f88697db17b25006cd86e86690f4697f0c0c8,View (PDF),https://www.apple.com/environment/reports/
https://www.apple.com/environment/pdf/products/ipad/iPad_Air_11_and_13_inch_M3_PER_MAR2025.pdf,data\pdfs\apple\view-pdf_7ec259fe.pdf,200,7ec259fea1eaa3abc8488e611f6ddfb5f7528ad4d1349010942924bc8a531d20,View (PDF),https://www.apple.com/environment/reports/
https://www.apple.com/environment/pdf/products/ipad/iPad_A16_PER_MAR2025.pdf,data\pdfs\apple\view-pdf_1f12a1c4.pdf,200,1f12a1c4341d66f24c6f41df2933d591d2cd4877951a69aa43276f2dba013365,View (PDF),https://www.apple.com/environment/reports/
https://www.apple.com/environment/pdf/products/ipad/iPad_mini_PER_Oct2024.pdf,data\pdfs\apple\view-pdf_badd8f25.pdf,200,badd8f25c968f87967c54cf4189502c0991bcea450d07fb1c4e9fbb90e2db126,View (PDF),https://www.apple.com/environment/reports/
https://www.apple.com/environment/pdf/products/watch/Apple_Watch_Series_11_PER_Sept2025.pdf,data\pdfs\apple\view-pdf_9c891181.pdf,200,9c891181eac42111c1dde9cc38bcc2cb262e2fee11c6ee24ac16ddba7b373e46,View (PDF),https://www.apple.com/environment/reports/
https://www.apple.com/environment/pdf/products/watch/Apple_Watch_Ultra_3_PER_Sept2025.pdf,data\pdfs\apple\view-pdf_b7759100.pdf,200,b775910077d91c28a74b9c716b4f0fdf695f3f3182f531db2b07b1fd0d5f248d,View (PDF),https://www.apple.com/environment/reports/
https://www.apple.com/environment/pdf/products/watch/Apple_Watch_SE_3_PER_Sept2025.pdf,data\pdfs\apple\view-pdf_680f5ba8.pdf,200,680f5ba8a194f9bbc300f58b624a943acd464aa520d3e5aa66b937d7c6e404fa,View (PDF),https://www.apple.com/environment/reports/
https://www.apple.com/environment/pdf/products/airpods/Apple_AirPods_Pro_3_PER_Sept2025.pdf,data\pdfs\apple\view-pdf_dce2f59b.pdf,200,dce2f59b748f14386194a8e3d67505abf278883fda3309230cd9d4d50c694b0a,View (PDF),https://www.apple.com/environment/reports/
https://www.apple.com/environment/pdf/products/notebooks/M4_MacBook_Air_PER_March2025.pdf,data\pdfs\apple\view-pdf_a2ae50a4.pdf,200,a2ae50a48ee4983cd0a107d84cfcf926133823e77a8a16bf206924c89750f2f4,View (PDF),https://www.apple.com/environment/reports/
https://www.apple.com/environment/pdf/products/notebooks/MacBook_Pro_14-inch_PER_Oct2024.pdf,data\pdfs\apple\view-pdf_85a28953.pdf,200,85a28953568a19caa040cbd850f0038e276659b719848f7ce4bd23c242548157,View (PDF),https://www.apple.com/environment/reports/
https://www.apple.com/environment/pdf/products/notebooks/MacBook_Pro_14-inch_M5_PER_Oct2025.pdf,data\pdfs\apple\view-pdf_3755e3f3.pdf,200,3755e3f3e42343c180cd72fb0e48413434f32b9e2b1555cc444dd064636e2d1e,View (PDF),https://www.apple.com/environment/reports/
https://www.apple.com/environment/pdf/products/notebooks/MacBook_Pro_16-inch_PER_Oct2024.pdf,data\pdfs\apple\view-pdf_9f266902.pdf,200,9f266902d697ed4e2b761c60b6ba6aeab6d0959aac57d19a9b47689679631479,View (PDF),https://www.apple.com/environment/reports/
https://www.apple.com/environment/pdf/products/desktops/iMac_PER_Oct2024.pdf,data\pdfs\apple\view-pdf_fa246d27.pdf,200,fa246d2741602a4b3fb58d5ce0ea0d46a48c9faa539c9d4d59561b9f5b29e809,View (PDF),https://www.apple.com/environment/reports/
https://www.apple.com/environment/pdf/products/desktops/Mac_mini_PER_Oct2024.pdf,data\pdfs\apple\view-pdf_d72b9440.pdf,200,d72b944005e9f8df0e65940de01f65005e6e6a712daa08e52fcd805cfa2e6eea,View (PDF),https://www.apple.com/environment/reports/
https://www.apple.com/environment/pdf/products/desktops/Mac_Studio_PER_March2025.pdf,data\pdfs\apple\view-pdf_b7b09cf0.pdf,200,b7b09cf0358ba29054ab1567ac498fb45708a1f8ac4484c9283f64c286c649a8,View (PDF),https://www.apple.com/environment/reports/
https://www.apple.com/environment/pdf/products/desktops/Mac_Pro_PER_June2023.pdf,data\pdfs\apple\view-pdf_d639c020.pdf,200,d639c0205bbc019aef701161bfa4eafba5a7485aaee959f41160d3204084d840,View (PDF),https://www.apple.com/environment/reports/
https://www.apple.com/environment/pdf/products/displays/Apple_Studio_Display_PER_March2022.pdf,data\pdfs\apple\view-pdf_f675c3b1.pdf,200,f675c3b12d4a559147116f14619a67e5e29c9d2980249d29efcc6c087d69b1f4,View (PDF),https://www.apple.com/environment/reports/
https://www.apple.com/environment/pdf/products/desktops/Pro_Display_XDR_PER_Dec2019.pdf,data\pdfs\apple\view-pdf_7937a444.pdf,200,7937a444760fb8a776696bccf76668f32c7b5d7062c4eba30e28960508bbd5e9,View (PDF),https://www.apple.com/environment/reports/
https://www.apple.com/environment/pdf/products/vision-pro/Apple_Vision_Pro_PER_Feb2024.pdf,data\pdfs\apple\view-pdf_f997ff94.pdf,200,f997ff949ccfb43a772b740f6d022ffa695b0063e10122890efdc05d09cfbcb0,View (PDF),https://www.apple.com/environment/reports/
https://www.apple.com/environment/pdf/products/homepod/HomePod_PER_Jan2023.pdf,data\pdfs\apple\view-pdf_9454c1a2.pdf,200,9454c1a26d4a4db55a8fe8aa1392bffac8a333baba84bc4f0de219f0f4d7a423,View (PDF),https://www.apple.com/environment/reports/
https://www.apple.com/environment/pdf/products/homepod/HomePod_mini_PER_Oct2020.pdf,data\pdfs\apple\view-pdf_29827628.pdf,200,29827628d8580b6aa82108279a2b0f999b9e4ef9bc864560dd96955fd89d6e7a,View (PDF),https://www.apple.com/environment/reports/
https://www.apple.com/environment/pdf/products/appletv/Apple_TV_4K_PER_Oct2022.pdf,data\pdfs\apple\view-pdf_ac97f266.pdf,200,ac97f26613de0574ea9fbeafc52aa0552e6527b778f5e078ad86e0512a948fc5,View (PDF),https://www.apple.com/environment/reports/
https://www.apple.com/environment/pdf/products/ipod/iPodtouch_PER_may2019.pdf,data\pdfs\apple\view-pdf_ed56f55a.pdf,200,ed56f55a847e7e4311788066b985bb6f76be485dcad65f8dfc71e7cd0b0feb75,View (PDF),https://www.apple.com/environment/reports/
https://www.apple.com/environment/pdf/products/iphone/iPhone_16_Pro_and_iPhone_16_Pro_Max_PER_Sept2024.pdf,data\pdfs\apple\view-pdf_1dfd0f77.pdf,200,1dfd0f77638e5346bb31dfe878a63456b63522888378fd3e8aa239c58ff28f92,View (PDF),https://www.apple.com/environment/reports/
https://www.apple.com/environment/pdf/products/iphone/iPhone_15_and_iPhone_15_Plus_PER_Sept2023.pdf,data\pdfs\apple\view-pdf_119d937c.pdf,200,119d937c96d9bf596d870fa9d3822911de0c9405b4a77fa3dfc90ee4cd7c402b,View (PDF),https://www.apple.com/environment/reports/
https://www.apple.com/environment/pdf/products/iphone/iPhone_15_Pro_and_iPhone_15_Pro_Max_Sept2023.pdf,data\pdfs\apple\view-pdf_a959c5b6.pdf,200,a959c5b6148cb9e2d4b4e1c76a0d9a73160dcabae2d36bdfc75b5ab7b448df10,View (PDF),https://www.apple.com/environment/reports/
https://www.apple.com/environment/pdf/products/iphone/iPhone_14_Pro_Max_PER_Sept2022.pdf,data\pdfs\apple\view-pdf_a173d079.pdf,200,a173d079dec699ba48998f338e965b915161fb6a622a4f613ede1226dab3979d,View (PDF),https://www.apple.com/environment/reports/
https://www.apple.com/environment/pdf/products/iphone/iPhone_14_Pro_PER_Sept2022.pdf,data\pdfs\apple\view-pdf_adf053a2.pdf,200,adf053a2ca7119c6336cb7b491ca1ccf4e49db3374b03563c562690417d9844a,View (PDF),https://www.apple.com/environment/reports/
https://www.apple.com/environment/pdf/products/iphone/iPhone_14_and_iPhone_14_Plus_PER_Sept2022.pdf,data\pdfs\apple\view-pdf_d5df0e2c.pdf,200,d5df0e2cedb5f09e2cfa4cb2653453633afc976e41a19f15f68d2c5960d239d3,View (PDF),https://www.apple.com/environment/reports/
https://www.apple.com/environment/pdf/products/iphone/iPhone_13_Pro_Max_PER_Sept2021.pdf,data\pdfs\apple\view-pdf_1d372cf5.pdf,200,1d372cf5378a7b7828586261de9dd4d92520942d21b85f552779cdf5370a2064,View (PDF),https://www.apple.com/environment/reports/
https://www.apple.com/environment/pdf/products/iphone/iPhone_13_Pro_PER_Sept2021.pdf,data\pdfs\apple\view-pdf_a135c9c4.pdf,200,a135c9c4e7294daeb46380dc16b67d42aef53db1efc205a9fb8bd14ac032ead1,View (PDF),https://www.apple.com/environment/reports/
https://www.apple.com/environment/pdf/products/iphone/iPhone_13_PER_Sept2021.pdf,data\pdfs\apple\view-pdf_04a68be8.pdf,200,04a68be89c4c82660713e1b2d8a400f0036d7ca923a1d3c5c658b517a9b1f3a4,View (PDF),https://www.apple.com/environment/reports/
https://www.apple.com/environment/pdf/products/iphone/iPhone_13_mini_PER_Sept2021.pdf,data\pdfs\apple\view-pdf_bfb36c58.pdf,200,bfb36c58b3bca9f7158c1aebb4931435a3dfa77948fe20d0e1000bf3839604bc,View (PDF),https://www.apple.com/environment/reports/
https://www.apple.com/environment/pdf/products/iphone/iPhone_SE_PER_March2022.pdf,data\pdfs\apple\view-pdf_f31c96a8.pdf,200,f31c96a81a62d636eae1b17d016b525642f6b483dfec25d450e4a2230eefc175,View (PDF),https://www.apple.com/environment/reports/
https://www.apple.com/environment/pdf/products/iphone/iPhone_SE_PER_April2020.pdf,data\pdfs\apple\view-pdf_f5e11824.pdf,200,f5e11824de1ea904fcc1d2d9a5e4f7c4c9ef99122e4734a384e85bb8896533ce,View (PDF),https://www.apple.com/environment/reports/
https://www.apple.com/environment/pdf/products/iphone/iPhone_12_Pro_Max_PER_Oct2020.pdf,data\pdfs\apple\view-pdf_5083a1c4.pdf,200,5083a1c4dc1c7f873706c367cf996821f6403f28b372906b85121cc60ff50c66,View (PDF),https://www.apple.com/environment/reports/
https://www.apple.com/environment/pdf/products/iphone/iPhone_12_Pro_PER_Oct2020.pdf,data\pdfs\apple\view-pdf_9046d478.pdf,200,9046d478fd63d949aa3371413257fee88f6b98ed72bd1c83c5c0c0aa018a1988,View (PDF),https://www.apple.com/environment/reports/
https://www.apple.com/environment/pdf/products/iphone/iPhone_12_PER_Oct2020.pdf,data\pdfs\apple\view-pdf_79c44d99.pdf,200,79c44d99ea4217b798a98b01fe6cf921beae5d4f21ea70d826a4704b2f351234,View (PDF),https://www.apple.com/environment/reports/
https://www.apple.com/environment/pdf/products/iphone/iPhone_12_mini_PER_Oct2020.pdf,data\pdfs\apple\view-pdf_5b4e93c5.pdf,200,5b4e93c5bc1ef1747b52e44e47eb65eedf6b3bfcd79a3aa66032b2b018794bcf,View (PDF),https://www.apple.com/environment/reports/
https://www.apple.com/environment/pdf/products/iphone/iPhone_11_Pro_Max_PER_sept2019.pdf,data\pdfs\apple\view-2019-pdf_9a79cfe2.pdf,200,9a79cfe280c54b244fe7fab935eeca7626d6f2f7c3eee74522dd9842dcfdee40,View (2019 PDF),https://www.apple.com/environment/reports/
https://www.apple.com/environment/pdf/products/iphone/iPhone_11_Pro_PER_sept2019.pdf,data\pdfs\apple\view-2019-pdf_cfa7b6b0.pdf,200,cfa7b6b09bccbca4bceed8ee6ee85a41241b506317713765da9ec745cc4f881b,View (2019 PDF),https://www.apple.com/environment/reports/
https://www.apple.com/environment/pdf/products/iphone/iPhone_11_PER_sept2019.pdf,data\pdfs\apple\view-pdf_5fc5037a.pdf,200,5fc5037a4234ce86797f58e767864b9a1909579f0adf5d0d97343b6f038d760c,View (PDF),https://www.apple.com/environment/reports/
https://www.apple.com/environment/pdf/products/iphone/iPhone_XS_Max_PER_sept2018.pdf,data\pdfs\apple\view-2018-pdf_99dafc79.pdf,200,99dafc792d9de8fdb95fbb263910e63dca63a4057bd0e99e2ef75f543302c796,View (2018 PDF),https://www.apple.com/environment/reports/
https://www.apple.com/environment/pdf/products/iphone/iPhone_XS_PER_sept2018.pdf,data\pdfs\apple\view-2018-pdf_79707791.pdf,200,79707791b891b6b1015e73bf6ae8b957b10cbb412c452482dcefecdc54a7f75f,View (2018 PDF),https://www.apple.com/environment/reports/
https://www.apple.com/environment/pdf/products/iphone/iPhone_XR_PER_sept2018.pdf,data\pdfs\apple\view-pdf_6ae99e17.pdf,200,6ae99e17202126cd7bfb283427c5eb23ffec0342969834439a42c4c7573f1328,View (PDF),https://www.apple.com/environment/reports/
https://www.apple.com/environment/pdf/products/iphone/iPhone_X_PER_sept2017.pdf,data\pdfs\apple\view-2017-pdf_5467fd2d.pdf,200,5467fd2daac3f4ab67beeabb54f0f276930c5cb20211e7eaf6cfec9c6cbb8ceb,View (2017 PDF),https://www.apple.com/environment/reports/
https://www.apple.com/environment/pdf/products/iphone/iPhone_8_PER_sept2017.pdf,data\pdfs\apple\view-2017-pdf_02b5d4b6.pdf,200,02b5d4b6fe0a262b257e82fa6a366a63456b8cb6ff0ab82feb61e78c92c622cb,View (2017 PDF),https://www.apple.com/environment/reports/
https://www.apple.com/environment/pdf/products/iphone/iPhone_8_Plus_PER_sept2017.pdf,data\pdfs\apple\view-2017-pdf_b8b14442.pdf,200,b8b14442fd9ed194ef2d90e928d552b8fbd2dddf34013c77e117cb60777e74ea,View (2017 PDF),https://www.apple.com/environment/reports/
https://www.apple.com/environment/pdf/products/iphone/iPhone_7_PER_sept2017.pdf,data\pdfs\apple\view-2016-pdf_483cd37b.pdf,200,483cd37bde603519e7622af54e5db245e48cdd5e5e7ad915ec718f6d1c9d705a,View (2016 PDF),https://www.apple.com/environment/reports/
https://www.apple.com/environment/pdf/products/iphone/iPhone_7_Plus_PER_sept2017.pdf,data\pdfs\apple\view-2016-pdf_95f1699c.pdf,200,95f1699c0b7183dc26d12747081afde848b97439b74c3a4512f99cb586dd4c31,View (2016 PDF),https://www.apple.com/environment/reports/
https://www.apple.com/environment/pdf/products/iphone/iPhone_SE_PER_sept2017.pdf,data\pdfs\apple\view-2016-pdf_0d681152.pdf,200,0d681152048e1ac8268df42caabca6492b8bb8a6c942a2041a1766d929f24128,View (2016 PDF),https://www.apple.com/environment/reports/
https://www.apple.com/environment/pdf/products/iphone/iPhone6sPlus_PER_sept2015.pdf,data\pdfs\apple\view-2015-pdf_6e68be68.pdf,200,6e68be68d687f7ea34e56ec91aabbca9c98d86a0350247653604ab06e58afd87,View (2015 PDF),https://www.apple.com/environment/reports/
https://www.apple.com/environment/pdf/products/iphone/iPhone6s_PER_sept2015.pdf,data\pdfs\apple\view-2015-pdf_441fdc4f.pdf,200,441fdc4f4ccb341640b818879d1dbf055cba23ede220393de72865b6a6c6bded,View (2015 PDF),https://www.apple.com/environment/reports/
https://www.apple.com/environment/pdf/products/archive/2014/iPhone6_PER_sept2014.pdf,data\pdfs\apple\view-2014-pdf_eb8a6361.pdf,200,eb8a636171fa88b71fe2db75cf37c8e71c1002da777f2fb4c942650de00b5f44,View (2014 PDF),https://www.apple.com/environment/reports/
https://www.apple.com/environment/pdf/products/archive/2014/iPhone5c_PER_Sept2014.pdf,data\pdfs\apple\view-2014-pdf_16c3757a.pdf,200,16c3757a0515fb034e85702824f231e756533acbc67aee790e932d13e1f2ecb7,View (2014 PDF),https://www.apple.com/environment/reports/
https://www.apple.com/environment/pdf/products/archive/2013/iPhone5s_PER_sept2013.pdf,data\pdfs\apple\view-2013-pdf_18963c31.pdf,200,18963c3142e7d8455024345e981e7a00f12624bc3e936a9242a9aa4c82e8c90d,View (2013 PDF),https://www.apple.com/environment/reports/
https://www.apple.com/environment/pdf/products/archive/2012/iPhone5_PER_sept2012.pdf,data\pdfs\apple\view-2012-pdf_81d1771b.pdf,200,81d1771b30ffe13db83844dec8b2dd62484f82bfcb93f4ebcd4638707be890e7,View (2012 PDF),https://www.apple.com/environment/reports/
https://www.apple.com/environment/pdf/products/archive/2012/iPhone4S_product_environmental_report_sept2012.pdf,data\pdfs\apple\view-2012-pdf_853c8cdb.pdf,200,853c8cdb1226f35c0bf048a4a3db343e38ed61a8142dc8c25135cece208fb26f,View (2012 PDF),https://www.apple.com/environment/reports/
https://www.apple.com/environment/pdf/products/archive/2010/iPhone_4_Product_Environmental_Report.pdf,data\pdfs\apple\view-2010-pdf_3e2cc71f.pdf,200,3e2cc71f87b115f81d5a0c57b2df60ec38206330657fa4bb58b52831a79579ec,View (2010 PDF),https://www.apple.com/environment/reports/
https://www.apple.com/environment/pdf/products/archive/2009/iPhone-3G-Environmental-Report.pdf,data\pdfs\apple\view-2009-pdf_dda2e0f2.pdf,200,dda2e0f2293bbfcb9d6992ba0d3e7312aae8e22497263f768b60b56b44314e3d,View (2009 PDF),https://www.apple.com/environment/reports/
https://www.apple.com/environment/pdf/products/archive/2009/iPhone_3GS-Environmental-Report.pdf,data\pdfs\apple\view-2009-pdf_c1e598bf.pdf,200,c1e598bf25309c7a6121cd22e7ad761511683a2fb57dec0794ab92f66769c8b0,View (2009 PDF),https://www.apple.com/environment/reports/
https://www.apple.com/environment/pdf/products/ipad/iPad_Pro_PER_May2024.pdf,data\pdfs\apple\view-pdf_dbc621c5.pdf,200,dbc621c57338dab9f7adb0407081260e7c1fe80d5c98c9ca8b45dc9246ad07a4,View (PDF),https://www.apple.com/environment/reports/
https://www.apple.com/environment/pdf/products/ipad/iPad_Air_PER_May2024.pdf,data\pdfs\apple\view-pdf_6ebaec89.pdf,200,6ebaec895fdab94dd440f55e3286850b6decfa09cfb3f40d09ac674279ade994,View (PDF),https://www.apple.com/environment/reports/
https://www.apple.com/environment/pdf/products/ipad/iPad_PER_Oct2022.pdf,data\pdfs\apple\view-pdf_2a83a1a1.pdf,200,2a83a1a14baca237530fb7b899231dad50544f0a89bf71fade818057f812de3b,View (PDF),https://www.apple.com/environment/reports/
https://www.apple.com/environment/pdf/products/ipad/iPad_mini_PER_Sept2021.pdf,data\pdfs\apple\view-pdf_19bfe619.pdf,200,19bfe619670514e4ce2f1045dcc28f24a04ed874ffdc1d4ef654e150bd8b91f9,View (PDF),https://www.apple.com/environment/reports/
https://www.apple.com/environment/pdf/products/ipad/iPadPro_12.9-inch_PER_Oct2022.pdf,data\pdfs\apple\view-pdf_974730ff.pdf,200,974730ff00ea9c20cfc053371d752e265982412fcc7078cd4ac2185b76675824,View (PDF),https://www.apple.com/environment/reports/
https://www.apple.com/environment/pdf/products/ipad/iPadPro_11-inch_PER_Oct2022.pdf,data\pdfs\apple\view-pdf_08787df4.pdf,200,08787df4da212554ee9bdf7331dec0384ddca380898fa092fc94ccafee250a2d,View (PDF),https://www.apple.com/environment/reports/
https://www.apple.com/environment/pdf/products/ipad/iPad_Air_PER_March2022.pdf,data\pdfs\apple\view-pdf_f3726875.pdf,200,f3726875ad7a92d4223a3682e47399b7e76df22d611adbbf8b9b4a8f91bddbc5,View (PDF),https://www.apple.com/environment/reports/
https://www.apple.com/environment/pdf/products/ipad/iPad_PER_Dec2022.pdf,data\pdfs\apple\view-pdf_d06b9fda.pdf,200,d06b9fda479818647eb9dc01f1e4ae741f3d2997bd50690e624545558349dcd1,View (PDF),https://www.apple.com/environment/reports/
https://www.apple.com/environment/pdf/products/ipad/iPadPro_12.9-inch_PER_Apr2021.pdf,data\pdfs\apple\view-pdf_6b3011ba.pdf,200,6b3011baad32daa3c26f2be77abc78c05954e6ab7c6cc7b829d21e8737f4e8cd,View (PDF),https://www.apple.com/environment/reports/
https://www.apple.com/environment/pdf/products/ipad/iPadPro_11-inch_PER_Apr2021.pdf,data\pdfs\apple\view-pdf_d497e653.pdf,200,d497e6536b4628363a22e97b87cf900bdebd1747dc9a003c83e5306c9c530f85,View (PDF),https://www.apple.com/environment/reports/
https://www.apple.com/environment/pdf/products/ipad/iPadAir_PER_sept2020.pdf,data\pdfs\apple\view-pdf_c5a94144.pdf,200,c5a94144a0f469e9c5439f65217d67a3573393b602ead20d9201cd6103599401,View (PDF),https://www.apple.com/environment/reports/
https://www.apple.com/environment/pdf/products/ipad/iPad_PER_sept2020.pdf,data\pdfs\apple\view-pdf_b998a546.pdf,200,b998a54665ce4e0705421304b1a8bbe1ae3c5bbb2e2db6c7a7173db7327419d0,View (PDF),https://www.apple.com/environment/reports/
https://www.apple.com/environment/pdf/products/ipad/iPadPro_12.9-inch_PER_Mar2020.pdf,data\pdfs\apple\view-2020-pdf_b1125ed0.pdf,200,b1125ed0f9fd51c9b33d5001a128921f31f3a6bc5f32817bc95933ce7cdee5a9,View (2020 PDF),https://www.apple.com/environment/reports/
https://www.apple.com/environment/pdf/products/ipad/iPadPro_11-inch_PER_Mar2020.pdf,data\pdfs\apple\view-2020-pdf_d178b326.pdf,200,d178b326a393280f39fe3b291d22114f8e9ce54dc2fe5e411b9de233dd28f50e,View (2020 PDF),https://www.apple.com/environment/reports/
https://www.apple.com/environment/pdf/products/ipad/iPad_PER_sept2019.pdf,data\pdfs\apple\view-2019-pdf_097d0ce0.pdf,200,097d0ce0e8ebe7c1ce644d49b36ad4a54257ae6adf0af50aed21ba5425fcfcc6,View (2019 PDF),https://www.apple.com/environment/reports/
https://www.apple.com/environment/pdf/products/ipad/iPadmini_PER_Mar2019.pdf,data\pdfs\apple\view-pdf_e20cdc68.pdf,200,e20cdc6849cfea5e014299edf658985f4c20ec5f426eafb7a3636939f70b537f,View (PDF),https://www.apple.com/environment/reports/
https://www.apple.com/environment/pdf/products/ipad/iPadAir_PER_Mar2019.pdf,data\pdfs\apple\view-2019-pdf_8bacfb56.pdf,200,8bacfb56295b335ab36f11ceaa795f58c1a596f7173a9b64460f6355af582333,View (2019 PDF),https://www.apple.com/environment/reports/
https://www.apple.com/environment/pdf/products/ipad/iPadPro_12.9-inch_PER_June2019.pdf,data\pdfs\apple\view-2018-pdf_bb65d110.pdf,200,bb65d110308d1bb7049a4f7b663700725e06a5c41c6197b145dece8ea8e41f0a,View (2018 PDF),https://www.apple.com/environment/reports/
https://www.apple.com/environment/pdf/products/ipad/iPadPro_11-inch_PER_June2019.pdf,data\pdfs\apple\view-2018-pdf_7515f24f.pdf,200,7515f24fdbf7f023e0f64cc02ebf32eff4dc9af9daa9a179e771a45aeca6ddf7,View (2018 PDF),https://www.apple.com/environment/reports/
https://www.apple.com/environment/pdf/products/ipad/iPad_PER_June2019.pdf,data\pdfs\apple\view-2018-pdf_55095e83.pdf,200,55095e83c030cd580a64ef261f9bd4863eb0b2bba8726cd3536d2a947b04466e,View (2018 PDF),https://www.apple.com/environment/reports/
https://www.apple.com/environment/pdf/products/ipad/iPadPro_12.9-inch_PER_June2017.pdf,data\pdfs\apple\view-2017-pdf_0ea7e998.pdf,200,0ea7e998d5c38bfef6c9c822d6e5639f33ace1c82494e3968b70c0643db6c099,View (2017 PDF),https://www.apple.com/environment/reports/
https://www.apple.com/environment/pdf/products/ipad/iPad_PER_mar2017.pdf,data\pdfs\apple\view-2017-pdf_82295f6d.pdf,200,82295f6dd5dd3c7684664e3a13d7e94aa9e3732d8f5ff6f451bdc17eda53c400,View (2017 PDF),https://www.apple.com/environment/reports/
https://www.apple.com/environment/pdf/products/ipad/iPadPro_10.5-inch_PER_June2017.pdf,data\pdfs\apple\view-2017-pdf_b3559f70.pdf,200,b3559f70e84bc676768cee91248e556d096dfbd01a738fa1ce5146862c133a12,View (2017 PDF),https://www.apple.com/environment/reports/
https://www.apple.com/environment/pdf/products/ipad/9.7-inch_iPadPro_PER_mar2016.pdf,data\pdfs\apple\view-2016-pdf_0acc2c59.pdf,200,0acc2c597e66075374067a6cb509f576fff6beaa81b7261871a3828e75bf33eb,View (2016 PDF),https://www.apple.com/environment/reports/
https://www.apple.com/environment/pdf/products/ipad/12.9-inch_iPad_Pro_PER_nov2015.pdf,data\pdfs\apple\view-2015-pdf_7c4a9af9.pdf,200,7c4a9af912ac69051189fbd848d6d88f759ff42d71f36d0064ba2ac8c7464411,View (2015 PDF),https://www.apple.com/environment/reports/
https://www.apple.com/environment/pdf/products/ipad/iPadmini4_PER_sept2015.pdf,data\pdfs\apple\view-2015-pdf_8d237faa.pdf,200,8d237faa0d3305fe7644794d323e8634eafc6803ce91982f71e428c159db8739,View (2015 PDF),https://www.apple.com/environment/reports/
https://www.apple.com/environment/pdf/products/archive/2014/iPadAir2_PER_oct2014.pdf,data\pdfs\apple\view-2014-pdf_fc9a95fc.pdf,200,fc9a95fc46954f1387a051bda86f5a7bd4f639f1ece2c31835eee866ed57133b,View (2014 PDF),https://www.apple.com/environment/reports/
https://www.apple.com/environment/pdf/products/archive/2014/iPadmini3_PER_oct2014.pdf,data\pdfs\apple\view-2014-pdf_02187d9d.pdf,200,02187d9d842062d74833d09bc6b24c0f13bfb301f5698f2d6e67f787da6476c7,View (2014 PDF),https://www.apple.com/environment/reports/
https://www.apple.com/environment/pdf/products/archive/2013/iPadAir_PER_oct2013.pdf,data\pdfs\apple\view-2013-pdf_586ec46b.pdf,200,586ec46b38fe56ca6e7646ca0dd8c41345eddefdb02312a8a08fe3f252b170d2,View (2013 PDF),https://www.apple.com/environment/reports/
https://www.apple.com/environment/pdf/products/ipad/iPadmini_wRetinaDisplay_PER_Oct2013.pdf,data\pdfs\apple\view-2013-pdf_0f52c25e.pdf,200,0f52c25e253ec3780b52ffba3a1e3b7f868ee5f4264d2cbc04ea42900e98f3ec,View (2013 PDF),https://www.apple.com/environment/reports/
https://www.apple.com/environment/pdf/products/ipad/iPadmini_PER_Oct2013.pdf,data\pdfs\apple\view-2013-pdf_3af33512.pdf,200,3af335122dcce928653a36197db996a9558bf72fbd997967524d5a3ae2f8e802,View (2013 PDF),https://www.apple.com/environment/reports/
https://www.apple.com/environment/pdf/products/archive/2012/iPadmini_PER_oct2012.pdf,data\pdfs\apple\view-2012-pdf_d898a532.pdf,200,d898a5329f9d0c2afd8127e6c9fa27a62200b22426e846e6549e946a1dd66eb1,View (2012 PDF),https://www.apple.com/environment/reports/
https://www.apple.com/environment/pdf/products/archive/2012/iPad_Retina_PER_oct2012.pdf,data\pdfs\apple\view-2012-pdf_2aa99c3c.pdf,200,2aa99c3c04f2d4a04ab76cb43e735504837abb1b0ea750be673c5ec7b15a2575,View (2012 PDF),https://www.apple.com/environment/reports/
https://www.apple.com/environment/pdf/products/archive/2012/iPad_Product_Environmental_Report_March2012.pdf,data\pdfs\apple\view-2012-pdf_8ca9e2e7.pdf,200,8ca9e2e77d782374ce5ff0871116017e739725081192dbb299f03ef03134b5ad,View (2012 PDF),https://www.apple.com/environment/reports/
https://www.apple.com/environment/pdf/products/archive/2012/iPad2_Product_Environmental_Report_2012.pdf,data\pdfs\apple\view-2012-pdf_7078e704.pdf,200,7078e704d592b1de882be422f1d695fbdf44e1f12cfed8c06f0411a76c38ac21,View (2012 PDF),https://www.apple.com/environment/reports/
https://www.apple.com/environment/pdf/products/archive/2011/iPad_2_Environmental_Report.pdf,data\pdfs\apple\view-2011-pdf_cf418090.pdf,200,cf4180900d815ba782f85d333ef1ed3f4df2408f36a4de4865d678832a4230ef,View (2011 PDF),https://www.apple.com/environment/reports/
https://www.apple.com/environment/pdf/products/watch/Apple_Watch_Carbon_Neutral_Report_Bands_Sept2024.pdf,data\pdfs\apple\view-pdf_d5605e76.pdf,200,d5605e762b0eabfdea68243cff8b968f46149cfad9eee9f63cec4e70f3086ede,View (PDF),https://www.apple.com/environment/reports/
https://www.apple.com/environment/pdf/products/watch/Apple_Watch_Series_10_PER_Sept2024.pdf,data\pdfs\apple\view-pdf_da916e03.pdf,200,da916e03b4d0c4741a3a7445f64a06b48608ae7390b54bbec95995e0a841b3ed,View (PDF),https://www.apple.com/environment/reports/
https://www.apple.com/environment/pdf/products/watch/Apple_Watch_Ultra_2_PER_Sept2024.pdf,data\pdfs\apple\view-pdf_4627cc6b.pdf,200,4627cc6bad3d95bd6c7d87fb456bde787234d8ccea70812dcceff42093edf1e6,View (PDF),https://www.apple.com/environment/reports/
https://www.apple.com/environment/pdf/products/watch/Apple_Watch_SE_PER_Sept2024.pdf,data\pdfs\apple\view-pdf_f5c6a829.pdf,200,f5c6a82945ae824470bdcc3776ddb22d71c40dc97bff1fec92e882b919e295d3,View (PDF),https://www.apple.com/environment/reports/
https://www.apple.com/environment/pdf/products/watch/Apple_Watch_Carbon_Neutral_Report_Bands_Sept2023.pdf,data\pdfs\apple\view-2023-pdf_184467d6.pdf,200,184467d6d086f2afe1fbd31fd8d32ab9d1ccb82053683e8743a40b827d854b46,View (2023 PDF),https://www.apple.com/environment/reports/
https://www.apple.com/environment/pdf/products/watch/Carbon_Neutral_Apple_Watch_Series_9_PER_Sept2023.pdf,data\pdfs\apple\view-pdf_fd622e57.pdf,200,fd622e57779639fcb8cf69cffbfacb1beb7ffe127e2d72b68b4346c0c1e2c05f,View (PDF),https://www.apple.com/environment/reports/
https://www.apple.com/environment/pdf/products/watch/Apple_Watch_Series_9_PER_Sept2023.pdf,data\pdfs\apple\view-2023-pdf_3f8ca6bb.pdf,200,3f8ca6bba884d4ce831e39a213510baab940081d7e74ba4ba087fec0147448bc,View (2023 PDF),https://www.apple.com/environment/reports/
https://www.apple.com/environment/pdf/products/watch/Apple_Watch_Ultra_PER_Dec2022.pdf,data\pdfs\apple\view-2022-pdf_07b6cb68.pdf,200,07b6cb68b5533a90d7531936403da8d1882cf444a8738dc985beddfc097d82b3,View (2022 PDF),https://www.apple.com/environment/reports/
https://www.apple.com/environment/pdf/products/watch/Apple_Watch_Series8_PER_Sept2022.pdf,data\pdfs\apple\view-2022-pdf_c7063351.pdf,200,c7063351f646b57d39897ea49cfad50c61ef614551d136f87a3d0d45661546a4,View (2022 PDF),https://www.apple.com/environment/reports/
https://www.apple.com/environment/pdf/products/watch/Apple_Watch_Series7_PER_Sept2021.pdf,data\pdfs\apple\view-2021-pdf_34d74327.pdf,200,34d74327ad72a31008a4485e44aa349fa180d8b834eb100a4526318a88fc0369,View (2021 PDF),https://www.apple.com/environment/reports/
https://www.apple.com/environment/pdf/products/watch/Apple_Watch_Series6_PER_sept2020.pdf,data\pdfs\apple\view-2020-pdf_bcb81873.pdf,200,bcb81873f9c9d055b8db84db9aac43d50237581557459719bb545543c404a480,View (2020 PDF),https://www.apple.com/environment/reports/
https://www.apple.com/environment/pdf/products/watch/Apple_Watch_SE_PER_sept2020.pdf,data\pdfs\apple\view-2020-pdf_5aa81201.pdf,200,5aa8120169bdc5f7c615d477dbb2ea822897dc51d438c8a2bfbcc78f2ba77d49,View (2020 PDF),https://www.apple.com/environment/reports/
https://www.apple.com/environment/pdf/products/watch/Apple_Watch_Series5_PER_sept2019.pdf,data\pdfs\apple\view-2019-pdf_1164b41f.pdf,200,1164b41f518374d17d4a9ec29d8ff75fb03b7a7f2ecca48898006f89b86eb276,View (2019 PDF),https://www.apple.com/environment/reports/
https://www.apple.com/environment/pdf/products/watch/Apple_Watch_Series4_GPSCellular_PER_sept2018.pdf,data\pdfs\apple\view-2018-pdf_7418133f.pdf,200,7418133f9c825c31b30a990c889d3c35db1fba6cf56165c2a9ec416d8eaff998,View (2018 PDF),https://www.apple.com/environment/reports/
https://www.apple.com/environment/pdf/products/watch/Apple_Watch_Series4_GPS_PER_sept2018.pdf,data\pdfs\apple\view-2018-pdf_36e5ce31.pdf,200,36e5ce312bb678e068efbd0f585668c689c2b36b00391883d948161a441e008b,View (2018 PDF),https://www.apple.com/environment/reports/
https://www.apple.com/environment/pdf/products/watch/Apple_Watch_Series3_GPSCellular_PER_sept2018.pdf,data\pdfs\apple\view-2018-pdf_c70541b9.pdf,200,c70541b977db810597248a2b8ee52121e0e821adeffb3b16b14d24adf5666088,View (2018 PDF),https://www.apple.com/environment/reports/
https://www.apple.com/environment/pdf/products/watch/Apple_Watch_Series3_GPS_PER_sept2018.pdf,data\pdfs\apple\view-2018-pdf_663cd763.pdf,200,663cd763dd7719e769137ac66711b53e1720efb7ddd8f656dce8affad4fe3512,View (2018 PDF),https://www.apple.com/environment/reports/
https://www.apple.com/environment/pdf/products/watch/Apple_Watch_Series3_GPSCellular_PER_sept2017.pdf,data\pdfs\apple\view-2017-pdf_b6cc69c3.pdf,200,b6cc69c34808981f0f308d4852bde04dab4c721010769417a770c5e5c46207aa,View (2017 PDF),https://www.apple.com/environment/reports/
https://www.apple.com/environment/pdf/products/watch/Apple_Watch_Series3_GPS_PER_sept2017.pdf,data\pdfs\apple\view-2017-pdf_89197b02.pdf,200,89197b028e3e2436484f4e43180e3712e4cdac4cb19a6d20dc91561e6d45864c,View (2017 PDF),https://www.apple.com/environment/reports/
https://www.apple.com/environment/pdf/products/watch/Apple_Watch_Series2_PER_sept2016.pdf,data\pdfs\apple\view-2016-pdf_17970145.pdf,200,17970145c7760269275e319bb66b5307b2d9e476d08c81029390b784908bf930,View (2016 PDF),https://www.apple.com/environment/reports/
https://www.apple.com/environment/pdf/products/watch/Apple_Watch_Series1_PER_sept2016.pdf,data\pdfs\apple\view-2016-pdf_345ee914.pdf,200,345ee914616a73742e9da0567e73667f71e0d226e97d3fd9180f3b60e288fe60,View (2016 PDF),https://www.apple.com/environment/reports/
https://www.apple.com/environment/pdf/products/archive/2015/AppleWatch_PER_sept2015.pdf,data\pdfs\apple\view-september-2015-pdf_44b05bf7.pdf,200,44b05bf76410e8fa2079096766b1a4e8d769d1b3fb1b5bf69c42d0ebf4e033d1,View (September 2015 PDF),https://www.apple.com/environment/reports/
https://www.apple.com/environment/pdf/products/watch/AppleWatch_PER_april2015.pdf,data\pdfs\apple\view-april-2015-pdf_1b952258.pdf,200,1b952258d938d31c12143ae12f0f9d5be36c7ab6a10d4e768a11828712476b0f,View (April 2015 PDF),https://www.apple.com/environment/reports/
https://www.apple.com/environment/pdf/products/notebooks/M3_MacBook_Air_PER_March2024.pdf,data\pdfs\apple\view-2024-pdf_c001b2bb.pdf,200,c001b2bba4c6150cb458d844122681590c6f07c402b11f0ba10b52d30a7e226c,View (2024 PDF),https://www.apple.com/environment/reports/
https://www.apple.com/environment/pdf/products/notebooks/M2_MacBook_Air_PER_June2022.pdf,data\pdfs\apple\view-2022-pdf_ba26293b.pdf,200,ba26293b535131672dacb7beebf745cff912ff883f7c3064943e27ada2bba2cf,View (2022 PDF),https://www.apple.com/environment/reports/
https://www.apple.com/environment/pdf/products/notebooks/16-inch_MacBook_Pro_PER_Oct2023.pdf,data\pdfs\apple\view-2023-pdf_1975ae21.pdf,200,1975ae2180da4dba6e6d1d692c7d83bbd75b1e3bdf6d789badf17fe0e99a0cd4,View (2023 PDF),https://www.apple.com/environment/reports/
https://www.apple.com/environment/pdf/products/notebooks/14-inch_MacBook_Pro_PER_Oct2023.pdf,data\pdfs\apple\view-2023-pdf_0ed0b733.pdf,200,0ed0b7334c4a445a591b958692e2f746a94b0a7264b6464617008c444536b5a8,View (2023 PDF),https://www.apple.com/environment/reports/
https://www.apple.com/environment/pdf/products/notebooks/MacBook_Air_15-inch_PER_June2023.pdf,data\pdfs\apple\view-2023-pdf_cc24b3e4.pdf,200,cc24b3e4972c0bda75b831ae993eb99fc512d8baa3e1cc78068c3d3e098d3c6d,View (2023 PDF),https://www.apple.com/environment/reports/
https://www.apple.com/environment/pdf/products/notebooks/16-inch_MacBook_Pro_PER_Jan2023.pdf,data\pdfs\apple\view-2023-pdf_a47dfd66.pdf,200,a47dfd66be83248cc290d1c98368ad1d13c0b9920897927afe1396bc67b542e2,View (2023 PDF),https://www.apple.com/environment/reports/
https://www.apple.com/environment/pdf/products/notebooks/14-inch_MacBook_Pro_PER_Jan2023.pdf,data\pdfs\apple\view-2023-pdf_b9b3cccd.pdf,200,b9b3cccd694cff7be37ed0a9ebf577e882d874aeeba1805e65205fc5e897e8c8,View (2023 PDF),https://www.apple.com/environment/reports/
https://www.apple.com/environment/pdf/products/notebooks/13-inch_MacBook_Pro_PER_June2022.pdf,data\pdfs\apple\view-2022-pdf_b6d6da1e.pdf,200,b6d6da1e686581857429a1c5f83608075273476de64bd0f5841e495271bbdc92,View (2022 PDF),https://www.apple.com/environment/reports/
https://www.apple.com/environment/pdf/products/notebooks/16-inch_MacBook_Pro_PER_Oct2021.pdf,data\pdfs\apple\view-october-2021-pdf_a2472630.pdf,200,a2472630d0af8d53ffbe5d14ddd66abca152bce4b257cae5d032392ca91b6b10,View (October 2021 PDF),https://www.apple.com/environment/reports/
https://www.apple.com/environment/pdf/products/notebooks/14-inch_MacBook_Pro_PER_Oct2021.pdf,data\pdfs\apple\view-october-2021-pdf_fcf872ee.pdf,200,fcf872eeeb62781199f501c0ab940f41766a229dbd843b77c6660584dca3da91,View (October 2021 PDF),https://www.apple.com/environment/reports/
https://www.apple.com/environment/pdf/products/notebooks/13-inch_MacBookPro_PER_Nov2020.pdf,data\pdfs\apple\view-november-2020-pdf_96ffb53e.pdf,200,96ffb53ec10c2b8e36d6bd44a880d24b16c7b6331e301c80ddeb7441c0babd5b,View (November 2020 PDF),https://www.apple.com/environment/reports/
https://www.apple.com/environment/pdf/products/notebooks/13-inch_MacBookAir_PER_Nov2020.pdf,data\pdfs\apple\view-november-2020-pdf_bedaf08d.pdf,200,bedaf08d17d6a281726ddca521ce3d116fb382f9ce912522166c1124ee2d79ec,View (November 2020 PDF),https://www.apple.com/environment/reports/
https://www.apple.com/environment/pdf/products/notebooks/16-inch_MacBookPro_PER_Nov2019.pdf,data\pdfs\apple\view-2019-pdf_69247f4c.pdf,200,69247f4cb69bec83a3ca4fcae79a82d57914b5962179bdb62468661e7eda200c,View (2019 PDF),https://www.apple.com/environment/reports/
https://www.apple.com/environment/pdf/products/notebooks/13-inch_MacBookAir_w_Retina_PER_July2020.pdf,data\pdfs\apple\view-march-2020-pdf_80843b6b.pdf,200,80843b6b0c1f7da983138213f86306ecb69392c4f8e9feb56930ee1a8ccab849,View (March 2020 PDF),https://www.apple.com/environment/reports/
https://www.apple.com/environment/pdf/products/notebooks/13-inch_MacBookPro_PER_May2020.pdf,data\pdfs\apple\view-may-2020-pdf_328ff1db.pdf,200,328ff1dbe4894e0899f22f5926234fdfef4d86b6b06ae52c7768e972c91f341c,View (May 2020 PDF),https://www.apple.com/environment/reports/
https://www.apple.com/environment/pdf/products/notebooks/13-inch_MacBookPro_PER_June2019.pdf,data\pdfs\apple\view-july-2019-pdf_bbaf8a90.pdf,200,bbaf8a904bb5b2269ee0011102921ca378868a511b4cfc4e676b2430d8180afc,View (July 2019 PDF),https://www.apple.com/environment/reports/
https://www.apple.com/environment/pdf/products/notebooks/13-inch_MacBookAir_w_Retina_PER_June2019.pdf,data\pdfs\apple\view-2019-pdf_b4afaff2.pdf,200,b4afaff2e9c1aa080ccd76503f565bfaf7011bd383256ab3bc51f984ef827bf3,View (2019 PDF),https://www.apple.com/environment/reports/
https://www.apple.com/environment/pdf/products/notebooks/15-inch_MacBookPro_PER_may2019.pdf,data\pdfs\apple\view-2019-pdf_282fa4a6.pdf,200,282fa4a6cbe8ea99d854b115b900ea4deb9941f837b37e623e1457ab6b6611ce,View (2019 PDF),https://www.apple.com/environment/reports/
https://www.apple.com/environment/pdf/products/notebooks/13-inch_MacBookPro_PER_may2019.pdf,data\pdfs\apple\view-may-2019-pdf_6d780bb6.pdf,200,6d780bb62391400939e789f9c5776fd891daa8c8fb700a129764e22c2d061c31,View (May 2019 PDF),https://www.apple.com/environment/reports/
https://www.apple.com/environment/pdf/products/notebooks/12inch_MacBook_PER_June2019.pdf,data\pdfs\apple\view-2018-pdf_af47c1c6.pdf,200,af47c1c6c31c1100585e1216b14bb5cc91d6533dd2d0be5038ab66fbba23398e,View (2018 PDF),https://www.apple.com/environment/reports/
https://www.apple.com/environment/pdf/products/notebooks/13-inch_MacBookAir_w_Retina_PER_oct2018.pdf,data\pdfs\apple\view-2018-pdf_7e2a60e5.pdf,200,7e2a60e5ce807dd67a1bada942613b08db1af51cb29468a4dc85b8018b001a7b,View (2018 PDF),https://www.apple.com/environment/reports/
https://www.apple.com/environment/pdf/products/notebooks/13-inch_MacBookPro_w_Thunderbolt3_PER_July2018.pdf,data\pdfs\apple\view-2018-pdf_c0c5bfd8.pdf,200,c0c5bfd85071e668c08970598bff3b495ed3a98d5193b40b27c5274bc764bdbd,View (2018 PDF),https://www.apple.com/environment/reports/
https://www.apple.com/environment/pdf/products/notebooks/15-inch_MacBookPro_w_Thunderbolt3_PER_July2018.pdf,data\pdfs\apple\view-2018-pdf_c4da4c9d.pdf,200,c4da4c9d7d080bdf391431b88054d7b9ae86ffd43e474e7d857a293bd09bd878,View (2018 PDF),https://www.apple.com/environment/reports/
https://www.apple.com/environment/pdf/products/notebooks/13-inch_MacBookAir_PER_June2019.pdf,data\pdfs\apple\view-2017-pdf_b68ee9cc.pdf,200,b68ee9cce4397fa4e792986cccb6aa3e4acfd49c1585f0f5dcca303f49680fef,View (2017 PDF),https://www.apple.com/environment/reports/
https://www.apple.com/environment/pdf/products/notebooks/13-inch_MacBookPro_w_Thunderbolt3_PER_June2017.pdf,data\pdfs\apple\view-june-2017-pdf_c6529c1c.pdf,200,c6529c1c6a34393f4c609babf493f5319f8bb02204b2ef9fd191075182bdd9e5,View (June 2017 PDF),https://www.apple.com/environment/reports/
https://www.apple.com/environment/pdf/products/notebooks/15-inch_MacBookPro_w_Thunderbolt3_PER_June2017.pdf,data\pdfs\apple\view-june-2017-pdf_3094b2b7.pdf,200,3094b2b7b424924060eaf717be1a057fc6118dd6ac3172e80c22c49ee8eb9be7,View (June 2017 PDF),https://www.apple.com/environment/reports/
https://www.apple.com/environment/pdf/products/notebooks/12-inch_MacBook_PER_June2017.pdf,data\pdfs\apple\view-june-2017-pdf_6e908ef3.pdf,200,6e908ef34450289011c835ca0273f7fc69b2747882be808d4a9f0fd0e2d544c1,View (June 2017 PDF),https://www.apple.com/environment/reports/
https://www.apple.com/environment/pdf/products/notebooks/13inchMBP_wTB3_PER_Oct2016.pdf,data\pdfs\apple\view-2016-pdf_63802178.pdf,200,63802178e55759b0e54643b3c42d8072067dbd7558cefbc12e645a8119905692,View (2016 PDF),https://www.apple.com/environment/reports/
https://www.apple.com/environment/pdf/products/notebooks/15inchMBP_wTB3_PER_Oct2016.pdf,data\pdfs\apple\view-2016-pdf_9a3968c8.pdf,200,9a3968c8f7fae241a8ad10650f6efd20aaa55cc4e83686b1c1f931b715d0dc97,View (2016 PDF),https://www.apple.com/environment/reports/
https://www.apple.com/environment/pdf/products/notebooks/MacBook_PER_April2016.pdf,data\pdfs\apple\view-2016-pdf_93b93580.pdf,200,93b93580d9607df228aa586ba20d541a313789bf5a8e855fb5c072e0d5c3fb66,View (2016 PDF),https://www.apple.com/environment/reports/
https://www.apple.com/environment/pdf/products/notebooks/13inchMBP_wRetinaDisplay_PER_Oct2016.pdf,data\pdfs\apple\view-2016-pdf_f4ad68bc.pdf,200,f4ad68bc61f9f0352b63c5a7bd3553e93391bc23d219b57c7bb9e82096f9f673,View (2016 PDF),https://www.apple.com/environment/reports/
https://www.apple.com/environment/pdf/products/notebooks/15inchMBP_wRetinaDisplay_PER_2016.pdf,data\pdfs\apple\view-2016-pdf_7b617aa4.pdf,200,7b617aa479392b2897dddcd462ef6206d4d20cbc7cd1346658f281917f6ffed4,View (2016 PDF),https://www.apple.com/environment/reports/
https://www.apple.com/environment/pdf/products/notebooks/13inchMacBookPro_wRetinaDisplay_PER_march2015.pdf,data\pdfs\apple\view-2015-pdf_99f0daf0.pdf,200,99f0daf0a1ea3d0ca61ed43bfe34c97247fb82947ef952406a084857be59c14f,View (2015 PDF),https://www.apple.com/environment/reports/
https://www.apple.com/environment/pdf/products/notebooks/15inchMacBookPro_wRetinaDisplay_PER_may2015.pdf,data\pdfs\apple\view-2015-pdf_df3358d1.pdf,200,df3358d192a0d1d54deb2232e3f713330d5657a8ef42180cc45e022f9c542bcf,View (2015 PDF),https://www.apple.com/environment/reports/
https://www.apple.com/environment/pdf/products/archive/2015/12inch_MacBook_PER_march2015.pdf,data\pdfs\apple\view-2015-pdf_e45a60a2.pdf,200,e45a60a279fd8ae30f6871edea3fb28e9b2d74d14215fb9bff4df603de0cecb3,View (2015 PDF),https://www.apple.com/environment/reports/
https://www.apple.com/environment/pdf/products/notebooks/11inch_MacBookAir_PER_march2015.pdf,data\pdfs\apple\view-2015-pdf_c5b202b4.pdf,200,c5b202b453422f0bfe32c432b8663d5643d1ed40f63bcf2297b1de525b61ca17,View (2015 PDF),https://www.apple.com/environment/reports/
https://www.apple.com/environment/pdf/products/notebooks/13inch_MacBookAir_PER_march2015.pdf,data\pdfs\apple\view-2015-pdf_310f4bbd.pdf,200,310f4bbd718006664fa9267882b152bae5779bbf3509d7b24159a9cc4e2641e4,View (2015 PDF),https://www.apple.com/environment/reports/
https://www.apple.com/environment/pdf/products/archive/2014/13inch_MacBookPro_wRetina_PER_July2014.pdf,data\pdfs\apple\view-2014-pdf_44012c3c.pdf,200,44012c3ca1f92fe28cdada77a3b2a1ae39f8c4abacd090a64d54c6193c2bf1ac,View (2014 PDF),https://www.apple.com/environment/reports/
https://www.apple.com/environment/pdf/products/archive/2014/11inch_MacBookAir_PER_april2014.pdf,data\pdfs\apple\view-2014-pdf_9edf766b.pdf,200,9edf766bc9a17ea200e42407016b1acd255469a8646733031a018b85604427d4,View (2014 PDF),https://www.apple.com/environment/reports/
https://www.apple.com/environment/pdf/products/archive/2014/13inch_MacBookAir_PER_april2014.pdf,data\pdfs\apple\view-2014-pdf_d048404c.pdf,200,d048404c55548cbf6ca8acc3db171a7aebe90cd320eacdc9e7a6ca412a55603d,View (2014 PDF),https://www.apple.com/environment/reports/
https://www.apple.com/environment/pdf/products/archive/2013/13inch_macbookpro_retina_per_feb2013.pdf,data\pdfs\apple\view-2013-pdf_8c4539ac.pdf,200,8c4539ac938355fb3fc42c3baa0f48bc782a1f8c92c8578c39f6f6dad5ad3d33,View (2013 PDF),https://www.apple.com/environment/reports/
https://www.apple.com/environment/pdf/products/archive/2013/15inch_macbookpro_retina_per_feb2013.pdf,data\pdfs\apple\view-2013-pdf_ba720684.pdf,200,ba7206844121c93d6c0c8291d28f8b4bbd61503f7b6eeec929525a2bf1e1aea0,View (2013 PDF),https://www.apple.com/environment/reports/
https://www.apple.com/environment/pdf/products/archive/2013/11inch_macbookair_product_environmental_report_june2013.pdf,data\pdfs\apple\view-2013-pdf_3267b110.pdf,200,3267b11041daa45f71966d6eacb2cbce601a32d07cea76ccdd19bc2bb3ccf9dd,View (2013 PDF),https://www.apple.com/environment/reports/
https://www.apple.com/environment/pdf/products/archive/2013/13inch_macbookair_product_environmental_report_june2013.pdf,data\pdfs\apple\view-2013-pdf_83f1c7e4.pdf,200,83f1c7e4999b933611a6ab2c67aa08f0b3510f24516c52fb2d8205cf9c87facc,View (2013 PDF),https://www.apple.com/environment/reports/
https://www.apple.com/environment/pdf/products/archive/2012/13inch_macbookpro_retina_per_oct2012.pdf,data\pdfs\apple\view-2012-pdf_8b22de17.pdf,200,8b22de1728fc869526abce80b95a0d066c7ed418f2bf6b60bfea51cd3ace83e7,View (2012 PDF),https://www.apple.com/environment/reports/
https://www.apple.com/environment/pdf/products/archive/2012/macbookpro_retinadisplay_per_june2012.pdf,data\pdfs\apple\view-2012-pdf_6002f0cf.pdf,200,6002f0cf149163c56a638a9af299afef27ab5433891b01b3c6f2652ef04f4928,View (2012 PDF),https://www.apple.com/environment/reports/
https://www.apple.com/environment/pdf/products/notebooks/13inchMacBookPro_PER_june2012.pdf,data\pdfs\apple\view-2012-pdf_1fd45ebf.pdf,200,1fd45ebf1702277471a526eec811668291605a58aa89ef716de9360b0fdf696a,View (2012 PDF),https://www.apple.com/environment/reports/
https://www.apple.com/environment/pdf/products/archive/2012/15inch_macbookpro_per_june2012.pdf,data\pdfs\apple\view-2012-pdf_df55c748.pdf,200,df55c748240953023b2e65a39934aea39246cb710bd444aee18f267db9ece998,View (2012 PDF),https://www.apple.com/environment/reports/
https://www.apple.com/environment/pdf/products/archive/2012/11inch_macbookair_per_june2012.pdf,data\pdfs\apple\view-2012-pdf_70b9a4f2.pdf,200,70b9a4f2086c495deafa351e9fc3d3f63b61e2aba7b7102088e254d0eefa6a5f,View (2012 PDF),https://www.apple.com/environment/reports/
https://www.apple.com/environment/pdf/products/archive/2012/13inch_macbookair_per_june2012.pdf,data\pdfs\apple\view-2012-pdf_4e0f6840.pdf,200,4e0f6840909ace3138d03db0695efa39d003077eedd910e202b9eb073f7f3d56,View (2012 PDF),https://www.apple.com/environment/reports/
https://www.apple.com/environment/pdf/products/archive/2011/MacBookPro_13-inch_Product_Environmental_Report_Oct2011.pdf,data\pdfs\apple\view-october-2011-pdf_d999e0aa.pdf,200,d999e0aa3e81960b65262f834884a51e313e73255ccb8ee662ac0f01edcff8c5,View (October 2011 PDF),https://www.apple.com/environment/reports/
https://www.apple.com/environment/pdf/products/archive/2011/MacBookPro_15-inch_Product_Environmental_Report_Oct2011.pdf,data\pdfs\apple\view-october-2011-pdf_1cafbd34.pdf,200,1cafbd3498fa044115f2e60e57249a2964c571492c54a7dbcb3b13774c191d5c,View (October 2011 PDF),https://www.apple.com/environment/reports/
https://www.apple.com/environment/pdf/products/archive/2011/MacBookPro_17-inch_Product_Environmental_Report_Oct2011.pdf,data\pdfs\apple\view-october-2011-pdf_ba36fc24.pdf,200,ba36fc24cfc0bfc192dbb3839faa507121ef04d15e48403af3aa6c6ac12db464,View (October 2011 PDF),https://www.apple.com/environment/reports/
https://www.apple.com/environment/pdf/products/archive/2011/MacBook-Pro-13-inch-Environmental-Report-Feb2011.pdf,data\pdfs\apple\view-february-2011-pdf_c757e5e1.pdf,200,c757e5e1e134969fa04188dcb7d994a8a97cc2a7acc089ffadbc9f103815d75c,View (February 2011 PDF),https://www.apple.com/environment/reports/
https://www.apple.com/environment/pdf/products/archive/2011/MacBook-Pro-15-inch-Environmental-Report-Feb2011.pdf,data\pdfs\apple\view-february-2011-pdf_40be62c6.pdf,200,40be62c60aa2c997382b354c75208783e3a4a4f84ee7523478b47a5b2112884d,View (February 2011 PDF),https://www.apple.com/environment/reports/
https://www.apple.com/environment/pdf/products/archive/2011/MacBook-Pro-17-inch-Environmental-Report-Feb2011.pdf,data\pdfs\apple\view-february-2011-pdf_7ea635cd.pdf,200,7ea635cda43510c56b3f92af7ad0ae0be6c3e5a15af1dce23faddacb9be5fa50,View (February 2011 PDF),https://www.apple.com/environment/reports/
https://www.apple.com/environment/pdf/products/archive/2011/MacBookAir_11-inch_PER_20110720.pdf,data\pdfs\apple\view-2011-pdf_47b9fd47.pdf,200,47b9fd4770410e9bf4c3e8fe9f6115bf4e9c9e4d20fd908ecf2b252732752c9d,View (2011 PDF),https://www.apple.com/environment/reports/
https://www.apple.com/environment/pdf/products/archive/2011/MacBookAir_13-inch_PER_20110720.pdf,data\pdfs\apple\view-2011-pdf_63a23565.pdf,200,63a23565763637f54334091cf68d9194fe4ea8e94ae8c28c635f648388090657,View (2011 PDF),https://www.apple.com/environment/reports/
https://www.apple.com/environment/pdf/products/archive/2010/11inch_MacBookAir_Product_Environmental_Report.pdf,data\pdfs\apple\view-2010-pdf_cbe5f47a.pdf,200,cbe5f47a1a6a9b3b0733ed1573ddbd9f3169f874c9ed9e273b9d6e499b8d6ce5,View (2010 PDF),https://www.apple.com/environment/reports/
https://www.apple.com/environment/pdf/products/archive/2010/13inch_MacBookAir_Product_Environmental_Report.pdf,data\pdfs\apple\view-2010-pdf_a9568c32.pdf,200,a9568c32104738dbcd49a4b2002a521d13d9a35e65d90dabc32af7de5921ba40,View (2010 PDF),https://www.apple.com/environment/reports/
https://www.apple.com/environment/pdf/products/archive/2009/MacBook-White_Environmental_Report_20091020.pdf,data\pdfs\apple\view-2009-pdf_adccc450.pdf,200,adccc450e1bf3c6f743c37c04b6d2a4f9b63597578ba55cd9cbedf30dd22c3be,View (2009 PDF),https://www.apple.com/environment/reports/
https://www.apple.com/environment/pdf/products/desktops/Mac_Studio_PER_June2023.pdf,data\pdfs\apple\view-2023-pdf_1d8f3b76.pdf,200,1d8f3b7649116d8c203c2e5df02551eb8556e86ee43f4fee57ce78251a19b441,View (2023 PDF),https://www.apple.com/environment/reports/
https://www.apple.com/environment/pdf/products/desktops/Mac_mini_PER_Jan2023.pdf,data\pdfs\apple\view-2023-pdf_b2209341.pdf,200,b220934181520df33cb118e60606d3c2473cbab8bfc8061b9aa9848f003f5863,View (2023 PDF),https://www.apple.com/environment/reports/
https://www.apple.com/environment/pdf/products/desktops/iMac_PER_Oct2023.pdf,data\pdfs\apple\view-2023-pdf_e5bbd58d.pdf,200,e5bbd58d312a3f64c7067e534d5593694541c96d9c8146eebbbfeb67d1793ef8,View (2023 PDF),https://www.apple.com/environment/reports/
https://www.apple.com/environment/pdf/products/desktops/24-inch_iMac_PER_Apr2021.pdf,data\pdfs\apple\view-2021-pdf_48a0e7e9.pdf,200,48a0e7e9a23a1c815e23c790025c4d11450e158c0a068d5d87e0a939b4398da6,View (2021 PDF),https://www.apple.com/environment/reports/
https://www.apple.com/environment/pdf/products/desktops/Mac_Studio_PER_March2022.pdf,data\pdfs\apple\view-2022-pdf_e0725d96.pdf,200,e0725d96aada8d4229e62abef381d12110dbff41c5be9999fc0e46d5f0d9fe77,View (2022 PDF),https://www.apple.com/environment/reports/
https://www.apple.com/environment/pdf/products/desktops/Macmini_PER_Nov2020.pdf,data\pdfs\apple\view-2020-pdf_258f9093.pdf,200,258f9093fe3daacf434c6bff8e49065b7d72076315a73159ba596b0496ea8d3e,View (2020 PDF),https://www.apple.com/environment/reports/
https://www.apple.com/environment/pdf/products/desktops/27-inch_iMac_with_Retina5KDisplay_PER_Aug2020.pdf,data\pdfs\apple\view-pdf_004e4b9b.pdf,200,004e4b9b65f090be87eae5054f7ec6bf74cfd03722f470d964a7a146a66115a2,View (PDF),https://www.apple.com/environment/reports/
https://www.apple.com/environment/pdf/products/desktops/21.5-inch_iMac_PER_June2017.pdf,data\pdfs\apple\view-pdf_5312db67.pdf,200,5312db67a36afa42243460662ef3e636b88709b77ee4daebd2ef5be6b237d4bc,View (PDF),https://www.apple.com/environment/reports/
https://www.apple.com/environment/pdf/products/desktops/Mac_Pro_PER_Dec2019.pdf,data\pdfs\apple\view-2019-pdf_ec3d4a03.pdf,200,ec3d4a0328c873c34b47587956d48551bf7cafe7d4945971fbcf148561f03288,View (2019 PDF),https://www.apple.com/environment/reports/
https://www.apple.com/environment/pdf/products/desktops/iMac_Pro_PER_June2019.pdf,data\pdfs\apple\view-pdf_e51b3071.pdf,200,e51b3071a1e75509abdf1d8034eed0f25b4d2a7555d2ad4a3e06b44570012488,View (PDF),https://www.apple.com/environment/reports/
https://www.apple.com/environment/pdf/products/desktops/21.5-inch_iMac_with_Retina4KDisplay_PER_Mar2019.pdf,data\pdfs\apple\view-2019-pdf_722f2984.pdf,200,722f29840a772a3da555b3fa4960b1635ea6cd4d669616b85f31086e7100eca2,View (2019 PDF),https://www.apple.com/environment/reports/
https://www.apple.com/environment/pdf/products/desktops/27-inch_iMac_with_Retina5KDisplay_PER_Mar2019.pdf,data\pdfs\apple\view-2019-pdf_5beb390b.pdf,200,5beb390b81ab1bdd18b159f8393ce4dba8d3a008bf2a4d1ef9cfb252387a1068,View (2019 PDF),https://www.apple.com/environment/reports/
https://www.apple.com/environment/pdf/products/desktops/Macmini_PER_Mar2020.pdf,data\pdfs\apple\view-2018-pdf_fc5e863f.pdf,200,fc5e863f365f1ea3b6caf1bbadf0319a69a50ae7d2386ea86eb97e29c02f66ef,View (2018 PDF),https://www.apple.com/environment/reports/
https://www.apple.com/environment/pdf/products/desktops/MacPro_PER_June2017.pdf,data\pdfs\apple\view-2017-pdf_ae9d7ba9.pdf,200,ae9d7ba95e237cb17ce9d19fe17baad5ba80130057943963d7136d49c52bef79,View (2017 PDF),https://www.apple.com/environment/reports/
https://www.apple.com/environment/pdf/products/desktops/21.5-inch_iMac_PER_June2019.pdf,data\pdfs\apple\view-2017-pdf_309c63f0.pdf,200,309c63f083b039fad5d8778ee818303f865197cf3b12f41345d8a5a0ab0213b3,View (2017 PDF),https://www.apple.com/environment/reports/
https://www.apple.com/environment/pdf/products/desktops/27-inch_iMac_with_Retina5KDisplay_PER_June2017.pdf,data\pdfs\apple\view-2017-pdf_52580de5.pdf,200,52580de5a7fdd642cc963b47136eb82cf65ea83135fbfd8192a382e316037a0c,View (2017 PDF),https://www.apple.com/environment/reports/
https://www.apple.com/environment/pdf/products/desktops/21_5inch_iMac_PER_Oct2015.pdf,data\pdfs\apple\view-2015-pdf_11c0e813.pdf,200,11c0e8132231fbe3d56d41fe258037de27154121748f321b5b899e42c6993380,View (2015 PDF),https://www.apple.com/environment/reports/
https://www.apple.com/environment/pdf/products/desktops/27inch_iMacR5K_PER_Oct2015.pdf,data\pdfs\apple\view-2015-pdf_e0a29063.pdf,200,e0a29063c44b49f7bc94bd10a5f13479be0d1f89cea4d971049a0ec4cad1c2b4,View (2015 PDF),https://www.apple.com/environment/reports/
https://www.apple.com/environment/pdf/products/archive/2014/21_5inch_iMac_PER_june2014.pdf,data\pdfs\apple\view-2014-pdf_3886c507.pdf,200,3886c5075b470df2ef1c6a8473fb14737caf8581cd583689be61e7dd0145b540,View (2014 PDF),https://www.apple.com/environment/reports/
https://www.apple.com/environment/pdf/products/desktops/Macmini_PER_oct2014.pdf,data\pdfs\apple\view-2014-pdf_de618e88.pdf,200,de618e88638a0eb7ffcbd6450c3804abab5063b8867fc8e58c07c51b655fd3bf,View (2014 PDF),https://www.apple.com/environment/reports/
https://www.apple.com/environment/pdf/products/archive/2013/21_5inch_iMac_product_environmental_report_sept2013.pdf,data\pdfs\apple\view-2013-pdf_b90532eb.pdf,200,b90532eb9ff11cfa5c6337a543ceca6be8bd5d8199e87689ac28ce432913c510,View (2013 PDF),https://www.apple.com/environment/reports/
https://www.apple.com/environment/pdf/products/archive/2013/27inch_iMac_product_environmental_report_sept2013.pdf,data\pdfs\apple\view-2013-pdf_ba72d530.pdf,200,ba72d5307cd39f245faedaf52cfd3b4d2635f3ed48240618a2aa6a0e2094846f,View (2013 PDF),https://www.apple.com/environment/reports/
https://www.apple.com/environment/pdf/products/desktops/MacPro_PER_oct2013.pdf,data\pdfs\apple\view-2013-pdf_89cb1aef.pdf,200,89cb1aef9782206d3cb542d11aaa76bcaf518e113d5637d5eb345a31c7ca83d0,View (2013 PDF),https://www.apple.com/environment/reports/
https://www.apple.com/environment/pdf/products/archive/2012/imac_21.5inch_oct2012.pdf,data\pdfs\apple\view-2012-pdf_8051db8c.pdf,200,8051db8cce404ff829ac703c63b7bd63523458e4b9909f31f7acf76aab7b54d9,View (2012 PDF),https://www.apple.com/environment/reports/
https://www.apple.com/environment/pdf/products/archive/2012/imac_27inch_oct2012.pdf,data\pdfs\apple\view-2012-pdf_d8cd3bc4.pdf,200,d8cd3bc4485643feabf30bbaf3f1a2682d9172b0305a665781c5053c9889a0f9,View (2012 PDF),https://www.apple.com/environment/reports/
https://www.apple.com/environment/pdf/products/archive/2012/macmini_oct2012.pdf,data\pdfs\apple\view-2012-pdf_ca5a065e.pdf,200,ca5a065e4cce84d829bf125872ff799d70db62a314ff4a33459cb1faeb18cb7f,View (2012 PDF),https://www.apple.com/environment/reports/
https://www.apple.com/environment/pdf/products/archive/2012/macmini_server_oct2012.pdf,data\pdfs\apple\view-2012-pdf_7baf2f7d.pdf,200,7baf2f7d4942db8d80f375ee79a7eab28c09ad196b16c8d3ee83225a11abfb17,View (2012 PDF),https://www.apple.com/environment/reports/
https://www.apple.com/environment/pdf/products/archive/2011/imac_21.5inch_per_may2011.pdf,data\pdfs\apple\view-2011-pdf_40d10686.pdf,200,40d10686b93c7febe4425674b9b68223fa7e30af207b906da0c7af3473e730b2,View (2011 PDF),https://www.apple.com/environment/reports/
https://www.apple.com/environment/pdf/products/archive/2011/imac_27inch_per_may2011.pdf,data\pdfs\apple\view-2011-pdf_71812765.pdf,200,7181276579ff16e2a16bf4b713491471ea13c61e7d356ed8d8d36411de70b994,View (2011 PDF),https://www.apple.com/environment/reports/
https://www.apple.com/environment/pdf/products/archive/2011/macmini_per_july2011.pdf,data\pdfs\apple\view-2011-pdf_a593040a.pdf,200,a593040a8f8c1dbfa29241ba1c7c6a9dfdae438970d897fbf2dff2ec42fe0aef,View (2011 PDF),https://www.apple.com/environment/reports/
https://www.apple.com/environment/pdf/products/archive/2011/macmini_lion_server_per_july2011.pdf,data\pdfs\apple\view-2011-pdf_ff33a5d5.pdf,200,ff33a5d5dadfde26bb7e65c4bed73cdbecaa6739d49acf1be6bc34c4fa4a81bf,View (2011 PDF),https://www.apple.com/environment/reports/
https://www.apple.com/environment/pdf/products/archive/2010/21.5inch_iMac_Product_Environmental_Report_20100727.pdf,data\pdfs\apple\view-2010-pdf_11fc5624.pdf,200,11fc562413725de29992f6640fbd16e031c8101edca711a98f1371c68a53732f,View (2010 PDF),https://www.apple.com/environment/reports/
https://www.apple.com/environment/pdf/products/archive/2010/27inch_iMac_Product_Environmental_Report__20100727.pdf,data\pdfs\apple\view-2010-pdf_4e8daae3.pdf,200,4e8daae38d882f0de4e14d842efb0228ca1c46439a0c4d0a587827de1d3c6175,View (2010 PDF),https://www.apple.com/environment/reports/
https://www.apple.com/environment/pdf/products/archive/2010/Macmini-Product_Environmental_Report_2010615.pdf,data\pdfs\apple\view-2010-pdf_0ca1f2c5.pdf,200,0ca1f2c5b7d103c2d890c5fed794455061115bc54702565d57f19c4cacfd9ffd,View (2010 PDF),https://www.apple.com/environment/reports/
https://www.apple.com/environment/pdf/products/archive/2010/Macminiserver-Product_Environmental_Report_20100615.pdf,data\pdfs\apple\view-2010-pdf_f82e4423.pdf,200,f82e44232b0e108be7ccdf4158b858194989209909ef0d337307572da386750c,View (2010 PDF),https://www.apple.com/environment/reports/
https://www.apple.com/environment/pdf/products/archive/2009/Mac-Pro-Environmental-Report.pdf,data\pdfs\apple\view-2009-pdf_3683f20a.pdf,200,3683f20adce2bc64a05949541915d9c0e26e8867f36c59692e29d251bfb137cb,View (2009 PDF),https://www.apple.com/environment/reports/
https://www.apple.com/environment/pdf/products/archive/2011/ThunderboltDisplay_PER_july2011.pdf,data\pdfs\apple\view-2011-pdf_c20250ee.pdf,200,c20250ee1b63be565862a4d111030f150e04c7290fdbe3efbdda536b191be06b,View (2011 PDF),https://www.apple.com/environment/reports/
https://www.apple.com/environment/pdf/products/archive/2010/27inch_led_display_per_july2010.pdf,data\pdfs\apple\view-2010-pdf_e990cfa0.pdf,200,e990cfa0b1e7c119ab31c8ee6e5e1f97eeec9f3945f901070971f563fa38f020,View (2010 PDF),https://www.apple.com/environment/reports/
https://www.apple.com/environment/pdf/products/archive/2008/LED-Cinema-Display-Environmental-Report-20091120.pdf,data\pdfs\apple\view-2008-pdf_51a8234f.pdf,200,51a8234f2ce44124282b09ea4924a98b71af3e101b05d753daeaa804281b0eda,View (2008 PDF),https://www.apple.com/environment/reports/
https://www.apple.com/environment/pdf/products/homepod/HomePod_PER_feb2018.pdf,data\pdfs\apple\view-january-2018-pdf_1f970800.pdf,200,1f970800723817974cd70e6fa2fb337140e823a4ea0fb7eba46b66d0cd2422de,View (January 2018 PDF),https://www.apple.com/environment/reports/
https://www.apple.com/environment/pdf/products/appletv/Apple_TV_4K_PER_apr2021.pdf,data\pdfs\apple\view-pdf_20d70de7.pdf,200,20d70de7cfed3fd445f0f6242744c14f5b86a4e0357061a97e14e6e198a33047,View (PDF),https://www.apple.com/environment/reports/
https://www.apple.com/environment/pdf/products/appletv/Apple_TV_HD_PER_apr2021.pdf,data\pdfs\apple\view-pdf_18618a8b.pdf,200,18618a8b985f713066fb6af9e9f17c9bb238150cd71d5d9ea5659591b0334606,View (PDF),https://www.apple.com/environment/reports/
https://www.apple.com/environment/pdf/products/appletv/Apple_TV_4K_PER_sept2017.pdf,data\pdfs\apple\view-2017-pdf_5040517a.pdf,200,5040517ac5aa37408a39ea854e449e2997cb472398e88a5efdcf5f89702ed48a,View (2017 PDF),https://www.apple.com/environment/reports/
https://www.apple.com/environment/pdf/products/appletv/Apple_TV_PER_sept2017.pdf,data\pdfs\apple\view-2015-pdf_d9723410.pdf,200,d9723410aa52e0019efa559c580b3ea2c3615c09457bbbea27ba11be0a01eafc,View (2015 PDF),https://www.apple.com/environment/reports/
https://www.apple.com/environment/pdf/products/appletv/AppleTV_PER_march2012.pdf,data\pdfs\apple\view-2012-pdf_33fc9cd4.pdf,200,33fc9cd4596337ef14b07465751c5e029176baf4f0ba8276a4daabbfb3e33197,View (2012 PDF),https://www.apple.com/environment/reports/
https://www.apple.com/environment/pdf/products/archive/2010/AppleTV_Product_Environmental_Report_20110323.pdf,data\pdfs\apple\view-2010-pdf_c86bb4f6.pdf,200,c86bb4f65ec2d2a9d9b44d4f9aacdbaae77e826e5cfb23719c381fe4bc0f7c96,View (2010 PDF),https://www.apple.com/environment/reports/
https://www.apple.com/environment/pdf/products/archive/2015/iPodtouch_PER_july2015.pdf,data\pdfs\apple\view-2015-pdf_bc6e3d09.pdf,200,bc6e3d09fb6cea74671974d9ee9cad449d6febbdff11308de439ed654f39514d,View (2015 PDF),https://www.apple.com/environment/reports/
https://www.apple.com/environment/pdf/products/archive/2015/iPodnano_PER_july2015.pdf,data\pdfs\apple\view-2015-pdf_9507f60d.pdf,200,9507f60da5a1c4290cad5e2c37f282d77cafe270c2efa037a79313db465987b5,View (2015 PDF),https://www.apple.com/environment/reports/
https://www.apple.com/environment/pdf/products/archive/2015/iPodshuffle_PER_july2015.pdf,data\pdfs\apple\view-2015-pdf_c7f94a54.pdf,200,c7f94a54a993a681d924062e4a56a808a1a05442f80c44165cc3156ab7a23c47,View (2015 PDF),https://www.apple.com/environment/reports/
https://www.apple.com/environment/pdf/products/archive/2014/iPodtouch_PER_june2014.pdf,data\pdfs\apple\view-2014-pdf_9cae699d.pdf,200,9cae699d88027cb5881d8903c4d82c9651c49a44b36abe7ed1f615c568356452,View (2014 PDF),https://www.apple.com/environment/reports/
https://www.apple.com/environment/pdf/products/archive/2014/iPodtouch_16GB_product_environmental_report_may2013.pdf,data\pdfs\apple\view-2013-pdf_e7b64944.pdf,200,e7b64944c885779eb9d67d3bf5a5b9f8a037c4b48f3cd709e300e9b95a42a49a,View (2013 PDF),https://www.apple.com/environment/reports/
https://www.apple.com/environment/pdf/products/archive/2012/iPodnano_product_environmental_report_sept2012.pdf,data\pdfs\apple\view-2012-pdf_d8e71737.pdf,200,d8e71737319c6a1b5fbb5c2f7a8b030bcda9e048fb489a6166592b56db7ec172,View (2012 PDF),https://www.apple.com/environment/reports/
https://www.apple.com/environment/pdf/products/archive/2012/iPodshuffle_product_environmental_report_sept2012.pdf,data\pdfs\apple\view-2012-pdf_16358594.pdf,200,16358594f5186355f2ceebb11fa6539a46578b77541e7ae80a06e27f04d0dc90,View (2012 PDF),https://www.apple.com/environment/reports/
https://www.apple.com/environment/pdf/products/archive/2010/iPodnano_Product_Environmental_Report_2010.pdf,data\pdfs\apple\view-2010-pdf_18c4c9d7.pdf,200,18c4c9d731061dac3fa37aa501d5e198fd0c01bb4b48ff7b0046f13dfad92858,View (2010 PDF),https://www.apple.com/environment/reports/
https://www.apple.com/environment/pdf/products/archive/2010/iPodshuffle_Product_Environmental_Report_2010.pdf,data\pdfs\apple\view-2010-pdf_7d59603b.pdf,200,7d59603b0e479b71c2724c1bc750e0afbeaf88f576f46a801f980ffcb75542dc,View (2010 PDF),https://www.apple.com/environment/reports/
https://www.apple.com/environment/pdf/products/archive/2009/iPod_touch_Environmental_Report.pdf,data\pdfs\apple\view-2009-pdf_7eed536f.pdf,200,7eed536ff1fa3d58a2761a87adaebf31482e4a8392883627b17db73dd3e938df,View (2009 PDF),https://www.apple.com/environment/reports/
https://www.apple.com/environment/pdf/products/archive/2009/iPod_nano_Environmental_Report.pdf,data\pdfs\apple\view-2009-pdf_fc5bebe6.pdf,200,fc5bebe6b03807631983e3979c0b4c81ffa903869a2e8ca836c87ece8694c6b1,View (2009 PDF),https://www.apple.com/environment/reports/
https://www.apple.com/environment/pdf/products/archive/2009/iPod-shuffle-Environmental-Report_March_2009.pdf,data\pdfs\apple\view-2009-pdf_3221420a.pdf,200,3221420a4e61d454f8ca7d3b828af12c3de3a7da0ed86fbd41d08c1f98dbea5f,View (2009 PDF),https://www.apple.com/environment/reports/
https://www.apple.com/environment/pdf/products/archive/2009/iPod_Classic_Environmental_Report.pdf,data\pdfs\apple\view-2009-pdf_225ff27b.pdf,200,225ff27b28ea0d22a3b75c89fcebc9738e0d81e2f3e38d966172202a2dc49ccd,View (2009 PDF),https://www.apple.com/environment/reports/
https://www.apple.com/environment/pdf/Apple_Environmental_Progress_Report_2024.pdf,data\pdfs\apple\view-pdf_87e86dbe.pdf,200,87e86dbe8545c2006ad4e9af3e7e01b0ff713d4535171f924e06c32cc1bda5ba,View (PDF),https://www.apple.com/environment/reports/
https://www.apple.com/environment/pdf/Apple_Environmental_Progress_Report_2023.pdf,data\pdfs\apple\view-pdf_da75397b.pdf,200,da75397bede881a2a58628328ea068d53b5c44f805f117a82d8f1f63be2b339d,View (PDF),https://www.apple.com/environment/reports/
https://www.apple.com/environment/pdf/Apple_Environmental_Progress_Report_2022.pdf,data\pdfs\apple\view-pdf_1c9419ce.pdf,200,1c9419ce90115e8b1e386ff9f8892a8859f1dc7fe1f3e060959ea35c59f0d576,View (PDF),https://www.apple.com/environment/reports/
https://www.apple.com/environment/pdf/Apple_Environmental_Progress_Report_2021.pdf,data\pdfs\apple\view-pdf_c4fac52b.pdf,200,c4fac52b45143b732d80129e559a7e748c543a32214ccd2d2602d39d917702bc,View (PDF),https://www.apple.com/environment/reports/
https://www.apple.com/environment/pdf/Apple_Environmental_Progress_Report_2020.pdf,data\pdfs\apple\view-pdf_467ab29d.pdf,200,467ab29db7e4aaa97855212afc9730540dffe5cf32606440221f270658551e44,View (PDF),https://www.apple.com/environment/reports/
https://www.apple.com/environment/pdf/Apple_Environmental_Responsibility_Report_2019.pdf,data\pdfs\apple\view-pdf_db08930d.pdf,200,db08930d58817ae1012a18597253a23d924744c1751c6f19ba0e1be25b91ba8c,View (PDF),https://www.apple.com/environment/reports/
https://www.apple.com/environment/pdf/Apple_Environmental_Responsibility_Report_2018.pdf,data\pdfs\apple\view-pdf_53191cce.pdf,200,53191cce9fd6209a29361011137767518d40d33edeb5794534d9567a461ee1dc,View (PDF),https://www.apple.com/environment/reports/
https://www.apple.com/environment/pdf/Apple_Environmental_Responsibility_Report_2017.pdf,data\pdfs\apple\view-pdf_35fe66a3.pdf,200,35fe66a3c3d67133f9955c2efea69b639034fc259ac9836eda587e915816bef2,View (PDF),https://www.apple.com/environment/reports/
https://www.apple.com/environment/pdf/Apple_Environmental_Responsibility_Report_2016.pdf,data\pdfs\apple\view-pdf_1d6a5510.pdf,200,1d6a551096c9fc8af7323703f0b4eb5984f7f291d63fafd4adb323b0757e7ac7,View (PDF),https://www.apple.com/environment/reports/
https://www.apple.com/environment/pdf/Apple_Environmental_Responsibility_Report_2015.pdf,data\pdfs\apple\view-pdf_175c2a57.pdf,200,175c2a574f7a80e3c6d06270d282797192a6ea596c0046bf74c2e1d503e20c8b,View (PDF),https://www.apple.com/environment/reports/
https://www.apple.com/environment/pdf/Apple_Environmental_Responsibility_Report_2014.pdf,data\pdfs\apple\view-pdf_b019f8ab.pdf,200,b019f8ab55025cdb47c1bde1ad9370a3dc2960d3615644382d5dd0468b4690a2,View (PDF),https://www.apple.com/environment/reports/
https://www.apple.com/environment/pdf/Apple_Facilities_Report_2013.pdf,data\pdfs\apple\view-pdf_9ff594d8.pdf,200,9ff594d8f048d992492a229a3da690a30ff86d41bc65da6ef8d9e16eb7cf8d20,View (PDF),https://www.apple.com/environment/reports/
https://www.apple.com/environment/pdf/Apple_Facilities_Report_2012.pdf,data\pdfs\apple\view-pdf_8bfd8fd9.pdf,200,8bfd8fd90802b524dc562e73c96d5fc98bde96d3df76f5d118c7d8a06d83481a,View (PDF),https://www.apple.com/environment/reports/
https://www.apple.com/environment/pdf/Apple_Facilities_Report_2011.pdf,data\pdfs\apple\view-pdf_a75db31f.pdf,200,a75db31fd511606d480b551003ac29d2e2bb2811b8146b20103fbe6db0580bd8,View (PDF),https://www.apple.com/environment/reports/
https://www.apple.com/environment/pdf/Apple_Facilities_Report_2010.pdf,data\pdfs\apple\view-pdf_a654bc67.pdf,200,a654bc67aceb83cef65caebabaea4e3b7af0fd3bf803020e041c77e1c29b502c,View (PDF),https://www.apple.com/environment/reports/
https://www.apple.com/environment/pdf/Apple_Facilities_Report_2009.pdf,data\pdfs\apple\view-pdf_848ca88b.pdf,200,848ca88bc68330bcf283736c89d5d8aed370e5bf6f202d8bc0505847ab6372a0,View (PDF),https://www.apple.com/environment/reports/
https://www.apple.com/environment/pdf/Apple_Facilities_Report_2008.pdf,data\pdfs\apple\view-pdf_1ef7f363.pdf,200,1ef7f363f60b8f05e811940588dc257f8bd3ee55fe008300fb4dae01696b7d4d,View (PDF),https://www.apple.com/environment/reports/
https://www.apple.com/environment/pdf/Apple_Material_Impact_Profiles_April2019.pdf,data\pdfs\apple\learn-how-we-prioritize-materials-with-our-material-impact-profiles-pdf_5cf943a2.pdf,200,5cf943a2fd94cc41ae6fdefb59936908b8ab4179fcd3f404acfa21eae7a0df24,Learn how we prioritize materials with our Material Impact Profiles(PDF),https://www.apple.com/environment/reports/
https://www.apple.com/environment/pdf/Packaging_and_Forestry_September_2017.pdf,data\pdfs\apple\read-our-white-paper-on-apples-paper-and-packaging-strategy-pdf_c2200704.pdf,200,c220070475cf7fc7d4c1e5927f3d447c4d56de97fea3a6770e1553de96a9fb12,Read our white paper on Apples Paper and Packaging Strategy(PDF),https://www.apple.com/environment/reports/
https://www.apple.com/environment/pdf/Apple_Responsible_Fiber_Specification_June2023.pdf,data\pdfs\apple\read-our-responsible-fiber-specification-pdf_963cc43b.pdf,200,963cc43b4f8f7e383f366a2f6c92d384440e160d4374cdd2d51a051fb6492d26,Read our Responsible Fiber Specification (PDF),https://www.apple.com/environment/reports/
https://support.apple.com/content/dam/edam/applecare/images/en_US/otherassets/programs/Expanding_Access_to_Service_and_Repairs.pdf,data\pdfs\apple\read-our-white-paper-on-expanding-access-to-service-and-repairs-pdf_e8289ec3.pdf,200,e8289ec39ad5c47bf24994ae3e9eb8e956f0ebe1851924f2e21ec9167008ba4c,Read our white paper on expanding access to service and repairs (PDF),https://www.apple.com/environment/reports/
https://www.apple.com/environment/pdf/Longevity_by_Design-June_2024-Apple.pdf,data\pdfs\apple\read-our-longevity-by-design-white-paper-pdf_cce65ac3.pdf,200,cce65ac3575b3293352a20a42dc091fe76cf7ffc2ebe7acb67feadbac36bded4,Read our Longevity by Design white paper(PDF),https://www.apple.com/environment/reports/
https://www.apple.com/environment/pdf/Apples_Water_Strategy.pdf,data\pdfs\apple\read-our-white-paper-on-apples-water-strategy-pdf_d22ece3d.pdf,200,d22ece3dd262371c50e25bc96e2572ac875884c8aea71bf76ec006a1ec1502d7,Read our white paper on Apples Water Strategy(PDF),https://www.apple.com/environment/reports/
https://www.apple.com/environment/pdf/Apple_Regulated_Substances_Specification.pdf,data\pdfs\apple\read-the-regulated-substances-specification-pdf_6ea35d99.pdf,200,6ea35d999833eecc12e0ac8be1a5adfd25dace8aa0ec68450900445d980b6782,Read the Regulated Substances Specification(PDF),https://www.apple.com/environment/reports/
https://www.apple.com/environment/pdf/Integrating_Toxicological_Assessments_in_Material_Selection_for_Apple_Products_07152022.pdf,data\pdfs\apple\read-our-white-paper-on-integrating-toxicological-assessments-in-material-select_950e1481.pdf,200,950e148142921589ea20a382188f83e856e1f241af9b585aab1d93db7134909a,Read our white paper on Integrating Toxicological Assessments in Material Selection for Apple Products(PDF),https://www.apple.com/environment/reports/
https://www.apple.com/environment/pdf/Apple_Prioritizing_Chemicals_2018.pdf,data\pdfs\apple\read-our-protocol-for-prioritizing-chemicals-of-concern-in-the-electronics-indus_9a83e80a.pdf,200,9a83e80a33184979d97eb9d3192153e24b167a7052a76aac996e9f220de7973e,Read our Protocol for Prioritizing Chemicals of Concern in the Electronics Industry(PDF),https://www.apple.com/environment/reports/
https://www.apple.com/environment/pdf/Apple_PFAS_Commitment_November-2022.pdf,data\pdfs\apple\read-about-apples-commitment-to-phasing-out-per-and-polyfluoroalkyl-substances-p_79858651.pdf,200,798586518e5c1f688114acce1e0349784ed5b0c435d127610cf4ba92f4f22d83,Read about Apples commitment to phasing out per- and polyfluoroalkyl substances (PFAS) (PDF),https://www.apple.com/environment/reports/
https://www.apple.com/environment/pdf/Apple_CDP-Climate-Change-Questionnaire_2024.pdf,data\pdfs\apple\read-apples-2024-cdp-climate-change-response-pdf_f5af7df2.pdf,200,f5af7df282e289c29395992d20de454db0850c7a0252374d288195ae7fa6aaab,Read Apples 2024 CDP Climate Change response(PDF),https://www.apple.com/environment/reports/
https://www.apple.com/environment/pdf/Apples_Carbon_Removal_Strategy_White_Paper.pdf,data\pdfs\apple\read-our-white-paper-on-apples-carbon-removal-strategy-pdf_f55c40bf.pdf,200,f55c40bf1fd652b08cc9497dc0d9dd285f496d67d00fe5cd9ef54cdf8c401ba1,Read our white paper on Apples Carbon Removal Strategy(PDF),https://www.apple.com/environment/reports/
https://www.apple.com/environment/pdf/Apples_Product_Use_Electricity_Strategy.pdf,data\pdfs\apple\read-our-white-paper-on-apples-product-use-electricity-strategy-pdf_3134795a.pdf,200,3134795a5a1617bff1012378268280d98fc78ad2aee947a06a7ebb7194e09123,Read our white paper on Apples Product Use Electricity Strategy(PDF),https://www.apple.com/environment/reports/
https://www.apple.com/environment/pdf/Science_aligned_Corporate_Climate_Action.pdf,data\pdfs\apple\read-our-framework-proposal-for-science-aligned-corporate-climate-action-pdf_3a6cdb02.pdf,200,3a6cdb027894b6de82c1d3c083c7e19130796378e9a131b189d9364c495b7379,Read our Framework Proposal for Science-aligned Corporate Climate Action(PDF),https://www.apple.com/environment/reports/
